"Volume","File","Status","SizeMB","Url"
"00_All_PDFs_Unsorted_Page_Changed","01 - Chapter 1 (General Principles).pdf","OK","2,9","https://www.sartsma.co.za/_files/ugd/4f7773_8d9d2848a678403385b0cc6ebfafee76.pdf"
"00_All_PDFs_Unsorted_Page_Changed","02 - Chapter 2 (Regulatory Signs) and Chapter 3 (Warning Signs).pdf","OK","9,25","https://www.sartsma.co.za/_files/ugd/4f7773_9b8f22853587453988ccd12b5309015b.pdf"
"00_All_PDFs_Unsorted_Page_Changed","03 - Chapter 4 (Guidance Signs) and Chapter 5 (Information Signs).pdf","OK","23,8","https://www.sartsma.co.za/_files/ugd/4f7773_5aa3c14d0a584891b578fcb1e8e94289.pdf"
"00_All_PDFs_Unsorted_Page_Changed","04 - Chapter 6 (Traffic Signals).pdf","OK","0,36","https://www.sartsma.co.za/_files/ugd/4f7773_67e247d395a34ef7945eec516b0b4743.pdf"
"00_All_PDFs_Unsorted_Page_Changed","05 - Chapter 7 (Road Markings).pdf","OK","8,67","https://www.sartsma.co.za/_files/ugd/4f7773_c4e3f39ec22848b08d31fff846ce53ed.pdf"
"00_All_PDFs_Unsorted_Page_Changed","06 - Chapter 8 (Navigational Aids) and Chapter 9 (Variable Message Signs).pdf","OK","3,44","https://www.sartsma.co.za/_files/ugd/4f7773_83ee4f38f4e846938c8d0661ede89ec4.pdf"
"00_All_PDFs_Unsorted_Page_Changed","07 - Chapter 10 (Glossary of Terms) and Chapter 11 (Index).pdf","OK","0,54","https://www.sartsma.co.za/_files/ugd/4f7773_dd620d4df9d749e088d78c407fb1d23f.pdf"
"00_All_PDFs_Unsorted_Page_Changed","08 - Chapter 1 (Introduction).pdf","OK","2,6","https://www.sartsma.co.za/_files/ugd/4f7773_8704dd0353704ee1bb2953aa64e0629f.pdf"
"00_All_PDFs_Unsorted_Page_Changed","09 - Chapter 2 (Road Marking Application).pdf","OK","26,93","https://www.sartsma.co.za/_files/ugd/4f7773_19b47cc1263549bbb1e13e4e0a583295.pdf"
"00_All_PDFs_Unsorted_Page_Changed","10 - Chapter 3 (Regulatory and Warning Signs and Marking Applications).pdf","OK","11,81","https://www.sartsma.co.za/_files/ugd/4f7773_1c3aed5d7ce74043925bd7d05c37fb94.pdf"
"00_All_PDFs_Unsorted_Page_Changed","11 - Chapter 4 (Tourism Signing) , Chapter 5 (Freeway Signing) and Chapter 6 (Toll Route Signing).pdf","OK","15,9","https://www.sartsma.co.za/_files/ugd/4f7773_fa2d231730b54583ac0a71b57ddfd98f.pdf"
"00_All_PDFs_Unsorted_Page_Changed","12 - Chapter 7 (Signing for Railway Crossings) and Chapter 8 (Public Transport Signing).pdf","OK","6,02","https://www.sartsma.co.za/_files/ugd/4f7773_db3fd91dfcc54bed8ed8342d6b90f9b3.pdf"
"00_All_PDFs_Unsorted_Page_Changed","13 - Chapter 9 (Urban Guidance Signing) and ​ Chapter 10 (Rural Junction Signing).pdf","OK","7,4","https://www.sartsma.co.za/_files/ugd/4f7773_753141c9e2a64f178508a6f58a7f3c96.pdf"
"00_All_PDFs_Unsorted_Page_Changed","14 - Chapter 11 (Signing for Heavy Vehicles) and Chapter 12 (Signing for Traffic Calming).pdf","OK","12,62","https://www.sartsma.co.za/_files/ugd/4f7773_4faa831232284ccab81df8213a4f477d.pdf"
"00_All_PDFs_Unsorted_Page_Changed","15 - Chapter 13 (Roadworks Signing.pdf","OK","28,47","https://www.sartsma.co.za/_files/ugd/4f7773_949ab77fe3aa4c9e889c03bbe5efdc32.pdf"
"00_All_PDFs_Unsorted_Page_Changed","16 - Chapter 14 (Signing for Pedestrian Environments).pdf","OK","6,21","https://www.sartsma.co.za/_files/ugd/4f7773_e83f9054b3d341dcabfb021b8f827987.pdf"
"00_All_PDFs_Unsorted_Page_Changed","17 - Chapter 15 (Structural Design of Road Signs) and Chapter 16 (Road Signs Management).pdf","OK","10,99","https://www.sartsma.co.za/_files/ugd/4f7773_ee9626f9673c4b49b2576f90134b0e7c.pdf"
"00_All_PDFs_Unsorted_Page_Changed","18 - Chapter 17 (Sign Face Materials), Chapter 18 (Road Marking Materials) and Chapter 19 (Variable Message Si.pdf","OK","9,25","https://www.sartsma.co.za/_files/ugd/4f7773_236e9e8d57ac4d629e0afee323484ccf.pdf"
"00_All_PDFs_Unsorted_Page_Changed","19 - Introduction.pdf","OK","0,4","https://www.sartsma.co.za/_files/ugd/04fece_38e703ca51ad407aa95db05f3cd8a897.pdf"
"00_All_PDFs_Unsorted_Page_Changed","20 - Chapter 1 (Traffic Signal Control).pdf","OK","0,48","https://www.sartsma.co.za/_files/ugd/04fece_7a871358cfa24999bf71f9d706030657.pdf"
"00_All_PDFs_Unsorted_Page_Changed","21 - Chapter 2 (Traffic Signal Warrants).pdf","OK","0,51","https://www.sartsma.co.za/_files/ugd/04fece_5132f30d4ea74a1aaa8a970f96544624.pdf"
"00_All_PDFs_Unsorted_Page_Changed","22 - Chapter 3 (Traffic Signal Faces).pdf","OK","1,49","https://www.sartsma.co.za/_files/ugd/04fece_93cdbdfab00e42858e77f09f77a00562.pdf"
"00_All_PDFs_Unsorted_Page_Changed","23 - Chapter 4 ( Pedestrian and Pedal Cyclist Signals).pdf","OK","1,79","https://www.sartsma.co.za/_files/ugd/04fece_f2a69752e86a49cb8145e8585aff9416.pdf"
"00_All_PDFs_Unsorted_Page_Changed","24 - Chapter 5 ( Junction Layout).pdf","OK","0,77","https://www.sartsma.co.za/_files/ugd/04fece_e563c08dee4f4a93b953b0f0f23622b7.pdf"
"00_All_PDFs_Unsorted_Page_Changed","25 - Chapter 6 ( Signal Timing and Phasing).pdf","OK","1,67","https://www.sartsma.co.za/_files/ugd/04fece_7046d8db83014d47ae8545dc214aca4a.pdf"
"00_All_PDFs_Unsorted_Page_Changed","26 - Chapter 7 ( Vehicle-Actuated Control).pdf","OK","0,54","https://www.sartsma.co.za/_files/ugd/04fece_a1efaa85885d4e2997b84261c8b532a0.pdf"
"00_All_PDFs_Unsorted_Page_Changed","27 - Chapter 8 ( Vehicle-Responsive Control).pdf","OK","0,3","https://www.sartsma.co.za/_files/ugd/04fece_bddf266c0ca543b4980c9bf3aa0f782b.pdf"
"00_All_PDFs_Unsorted_Page_Changed","28 - Chapter 9 ( Area Traffic Control).pdf","OK","0,6","https://www.sartsma.co.za/_files/ugd/04fece_afdfba63bc684368bd34b346a07ffa99.pdf"
"00_All_PDFs_Unsorted_Page_Changed","29 - Chapter 10 ( Vehicle Priority).pdf","OK","0,18","https://www.sartsma.co.za/_files/ugd/04fece_20abf874c351459a98f788fefb874382.pdf"
"00_All_PDFs_Unsorted_Page_Changed","30 - hapter 11 (Individual Vehicle Control Signals).pdf","OK","0,22","https://www.sartsma.co.za/_files/ugd/04fece_643210f9bb1d49d49cfb42aa1a2939dd.pdf"
"00_All_PDFs_Unsorted_Page_Changed","31 - Chapter 12 ( Signals at Roadworks).pdf","OK","0,21","https://www.sartsma.co.za/_files/ugd/04fece_dfad6b72efd04e1b9286cf3210fd8bb4.pdf"
"00_All_PDFs_Unsorted_Page_Changed","32 - Chapter 13 ( Lane Direction Control Signals).pdf","OK","0,37","https://www.sartsma.co.za/_files/ugd/04fece_682428b58c9b4625a897347f8cf3c21d.pdf"
"00_All_PDFs_Unsorted_Page_Changed","33 - Chapter 14 ( Railway Crossing Signals).pdf","OK","0,34","https://www.sartsma.co.za/_files/ugd/04fece_b49f63359339427da6a1a1dd7520fdb0.pdf"
"00_All_PDFs_Unsorted_Page_Changed","34 - Chapter 15 ( Hand and Other Signals).pdf","OK","0,57","https://www.sartsma.co.za/_files/ugd/04fece_3e6eb50b34fe44b2928048138662510c.pdf"
"00_All_PDFs_Unsorted_Page_Changed","35 - Chapter 16 ( Light Signals and Posts).pdf","OK","0,41","https://www.sartsma.co.za/_files/ugd/04fece_ef8ee578221a45a3902a61250eea408f.pdf"
"00_All_PDFs_Unsorted_Page_Changed","36 - Chapter 17 ( Facilities for Disabled Users).pdf","OK","0,19","https://www.sartsma.co.za/_files/ugd/04fece_7f6084d067744131bb2e4d30768966c7.pdf"
"00_All_PDFs_Unsorted_Page_Changed","37 - Chapter 18 ( Traffic Signal Controllers).pdf","OK","0,29","https://www.sartsma.co.za/_files/ugd/04fece_425742f1484e40719f7b926f40bc32a1.pdf"
"00_All_PDFs_Unsorted_Page_Changed","38 - Chapter 19 ( Central Control System).pdf","OK","0,27","https://www.sartsma.co.za/_files/ugd/04fece_1959ba2c0e464bb7a2750a100dadbc2c.pdf"
"00_All_PDFs_Unsorted_Page_Changed","39 - Chapter 20 ( Detectors).pdf","OK","0,33","https://www.sartsma.co.za/_files/ugd/04fece_6f591ac94d6a4b78980d1124cb532d77.pdf"
"00_All_PDFs_Unsorted_Page_Changed","40 - Chapter 21 ( Automated Law Enforcement).pdf","OK","0,25","https://www.sartsma.co.za/_files/ugd/04fece_9c5af0b75ea94a0b8abda56e48eeacee.pdf"
"00_All_PDFs_Unsorted_Page_Changed","41 - Chapter 22 ( Power Supply).pdf","OK","0,4","https://www.sartsma.co.za/_files/ugd/04fece_d2846c2c61e5483d8b4e373a843ee4ce.pdf"
"00_All_PDFs_Unsorted_Page_Changed","42 - Chapter 23 ( Responsibilities and Duties).pdf","OK","0,32","https://www.sartsma.co.za/_files/ugd/04fece_db0fd2eb93b847c4b4872488a95679fc.pdf"
"00_All_PDFs_Unsorted_Page_Changed","43 - Chapter 24 ( Risk Management).pdf","OK","0,27","https://www.sartsma.co.za/_files/ugd/04fece_eaf0b087e4ce44d697a029fd4e54d32b.pdf"
"00_All_PDFs_Unsorted_Page_Changed","44 - Chapter 25 ( Manpower Requirements).pdf","OK","0,29","https://www.sartsma.co.za/_files/ugd/04fece_5d2d212b9ef244c1a467ad77a08b4c26.pdf"
"00_All_PDFs_Unsorted_Page_Changed","45 - Chapter 26 ( Traffic Signal Installation).pdf","OK","0,27","https://www.sartsma.co.za/_files/ugd/04fece_c7d22f5db08647f48ece5b78b225dd01.pdf"
"00_All_PDFs_Unsorted_Page_Changed","46 - Chapter 27 ( Removal of Traffic Signals).pdf","OK","0,18","https://www.sartsma.co.za/_files/ugd/04fece_46b1bd7789fb41a49e88674ec61eed24.pdf"
"00_All_PDFs_Unsorted_Page_Changed","47 - Chapter 28 ( Traffic Signal Maintenance).pdf","OK","0,3","https://www.sartsma.co.za/_files/ugd/04fece_5c8a046e5b8b4a1cb74fe163236624cf.pdf"
"00_All_PDFs_Unsorted_Page_Changed","48 - Chapter 29 ( Signal Timing Upgrading).pdf","OK","0,27","https://www.sartsma.co.za/_files/ugd/04fece_93237150b5a94d8d8108f7101e931a01.pdf"
"00_All_PDFs_Unsorted_Page_Changed","49 - Chapter 30 (Traffic Signal Records).pdf","OK","0,25","https://www.sartsma.co.za/_files/ugd/04fece_460d9c2f3b7a4475b375fe95417ad249.pdf"
"00_All_PDFs_Unsorted_Page_Changed","50 - Chapter 31 (Contracts).pdf","OK","0,2","https://www.sartsma.co.za/_files/ugd/04fece_95c840bbdab749299c5e80f1354e5a98.pdf"
"00_All_PDFs_Unsorted_Page_Changed","51 - Chapter 32 (Annual Reports).pdf","OK","0,19","https://www.sartsma.co.za/_files/ugd/04fece_ffd0fc7d1d7b4cbc94d0fb527ed1ba25.pdf"
"00_All_PDFs_Unsorted_Page_Changed","52 - Appendix A, B and C.pdf","OK","0,61","https://www.sartsma.co.za/_files/ugd/04fece_c5194be6b4994c7eb024979712164457.pdf"
"00_All_PDFs_Unsorted_Page_Changed","53 - Chapter 1 (Introduction).pdf","OK","0,8","https://www.sartsma.co.za/_files/ugd/4f7773_91cd3a992ce74b5ab9535322b786fb8b.pdf"
"00_All_PDFs_Unsorted_Page_Changed","54 - Chapter 2 (Regulatory Signs) and Chapter 3 (Warning Signs).pdf","OK","70,86","https://www.sartsma.co.za/_files/ugd/4f7773_a174a3250f9c4bab863cda2650a6db57.pdf"
"00_All_PDFs_Unsorted_Page_Changed","55 - Chapter 4 (Guidance Signs - 1 Location Signs and Route Marker Signs), Chapter 5 (Guidance Signs - 2 Direc.pdf","OK","91,36","https://www.sartsma.co.za/_files/ugd/4f7773_5fcf8572b16f4cb4baf564864a784373.pdf"
"00_All_PDFs_Unsorted_Page_Changed","56 - Chapter 9 (Information Signs).pdf","OK","10,28","https://www.sartsma.co.za/_files/ugd/4f7773_e148ec454ae64194b5b34b8f7301a7fa.pdf"
"00_All_PDFs_Unsorted_Page_Changed","57 - Chapter 10 (Traffic Signals).pdf","OK","0,46","https://www.sartsma.co.za/_files/ugd/4f7773_93d7cf9b50264fcb8edeee08bc197a84.pdf"
"00_All_PDFs_Unsorted_Page_Changed","58 - Chapter 11 (Lettering for Road Traffic Signs).pdf","OK","13,64","https://www.sartsma.co.za/_files/ugd/4f7773_0aff67782b64451e81d541204b0c440f.pdf"
"00_All_PDFs_Unsorted_Page_Changed","59 - Chapter 12 (Road Markings).pdf","OK","2,68","https://www.sartsma.co.za/_files/ugd/4f7773_31778787fa994114bd4100de385f084f.pdf"
"00_All_PDFs_Unsorted_Page_Changed","60 - Chapter 13 (Guidance Signs - 6 Local Directions Signs), Chapter 14 (Guidance Signs - 7 Pedestrian Directi.pdf","OK","33,25","https://www.sartsma.co.za/_files/ugd/4f7773_526336c5d68c4feaa85c47133ae80895.pdf"
"00_All_PDFs_Unsorted_Page_Changed","61 - Terms and Conditions.pdf","OK","0,09","https://www.sartsma.co.za/_files/ugd/4f7773_0b28027cc8724758bc0eab01235d347a.pdf"
